Date,ImageName,Green Tag ID,Oyster Number ,Length.mm,Width.mm,Notes,Initials
20250530,IMG_0204.jpeg,87,1,23.938,15.281,1 mm = 12.9589 pixels ,CK
20250530,IMG_0204.jpeg,87,2,21.013,14.359,,CK
20250530,IMG_0204.jpeg,87,3,34.033,21.788,,CK
20250530,IMG_0204.jpeg,87,4,33.483,15.706,,CK
20250530,IMG_0204.jpeg,87,5,26.898,16.609,,CK
20250530,IMG_0204.jpeg,87,6,24.292,16.18,,CK
20250530,IMG_0204.jpeg,87,7,26.032,15.73,,CK
20250530,IMG_0204.jpeg,87,8,31.174,15.273,,CK
20250530,IMG_0204.jpeg,87,9,27.765,18.955,,CK
20250530,IMG_0204.jpeg,87,10,23.965,18.413,,CK
20250530,IMG_0204.jpeg,87,11,21.767,16.223,,CK
20250530,IMG_0204.jpeg,87,12,18.376,12.769,,CK
20250530,IMG_0204.jpeg,87,13,26.675,18.71,,CK
20250530,IMG_0204.jpeg,87,14,25.604,14.908,,CK
20250530,IMG_0205.jpeg,88,1,14.096,10.704,1 mm = 14.9169 pixels ,CK
20250530,IMG_0205.jpeg,88,2,22.296,12.889,,CK
20250530,IMG_0205.jpeg,88,3,31.021,15.51,,CK
20250530,IMG_0205.jpeg,88,4,17.39,14.509,,CK
20250530,IMG_0205.jpeg,88,5,14.26,9.555,,CK
20250530,IMG_0205.jpeg,88,6,21.019,14.903,,CK
20250530,IMG_0205.jpeg,88,7,15.87,9.396,,CK
20250530,IMG_0205.jpeg,88,8,31.545,17.925,,CK
20250530,IMG_0205.jpeg,88,9,12.206,9.933,,CK
20250530,IMG_0205.jpeg,88,10,22.48,12.247,,CK
20250530,IMG_0205.jpeg,88,11,25.609,16.804,,CK
20250530,IMG_0205.jpeg,88,12,27.925,20.357,,CK
20250530,IMG_0205.jpeg,88,13,38.968,21.004,,CK
20250530,IMG_0205.jpeg,88,14,31.367,15.526,,CK
20250530,IMG_0206.jpeg,92,1,32.525,15.659,1 mm = 15.0313 pixels ,CK
20250530,IMG_0206.jpeg,92,2,28.227,15.027,,CK
20250530,IMG_0206.jpeg,92,3,23.733,14.113,,CK
20250530,IMG_0206.jpeg,92,4,30.936,16.917,,CK
20250530,IMG_0206.jpeg,92,5,12.265,12.111,,CK
20250530,IMG_0206.jpeg,92,6,22.388,14.061,,CK
20250530,IMG_0206.jpeg,92,7,29.244,14.039,,CK
20250530,IMG_0206.jpeg,92,8,32.749,24.138,,CK
20250530,IMG_0206.jpeg,92,9,18.715,17.402,,CK
20250530,IMG_0206.jpeg,92,10,32.271,20.427,,CK
20250530,IMG_0206.jpeg,92,11,30.637,26.887,"Kinda looks like 2 oysters that are stuck together, and I took the width of everything",CK
20250530,IMG_0206.jpeg,92,12,26.159,12.861,,CK
20250530,IMG_0206.jpeg,92,13,22.255,15.34,,CK
20250530,IMG_0206.jpeg,92,14,29.918,18.784,,CK
20250530,IMG_0207.jpeg,91,1,25.163,14.292,1 mm = 14.9172 pixels ,CK
20250530,IMG_0207.jpeg,91,2,30.696,17.291,,CK
20250530,IMG_0207.jpeg,91,3,33.077,17.538,"Base of the oyster looked like there might be another one stuck to it, which added to the overall length, but not sure.",CK
20250530,IMG_0207.jpeg,91,4,21.873,12.476,,CK
20250530,IMG_0207.jpeg,91,5,21.953,18.741,,CK
20250530,IMG_0207.jpeg,91,6,22.174,11.9,,CK
20250530,IMG_0207.jpeg,91,7,16.962,13.258,,CK
20250530,IMG_0207.jpeg,91,8,22.121,10.762,,CK
20250530,IMG_0207.jpeg,91,9,17.474,9.892,,CK
20250530,IMG_0207.jpeg,91,10,24.915,18.368,,CK
20250530,IMG_0207.jpeg,91,11,26.902,18.364,,CK
20250530,IMG_0207.jpeg,91,12,17.001,11.286,,CK
20250530,IMG_0207.jpeg,91,13,35.065,24.551,"Looks like a smaller oyster was on top of the larger one, might have made the width larger than it is",CK
20250530,IMG_0207.jpeg,91,14,14.625,10.497,,CK
20250530,IMG_0208.jpeg,86,1,32.823,19.692,1 mm = 18.6254  pixels (scale was a little more blurry so it was harder to set scale),CK
20250530,IMG_0208.jpeg,86,2,29.077,18.256,,CK
20250530,IMG_0208.jpeg,86,3,24.086,17.781,,CK
20250530,IMG_0208.jpeg,86,4,23.163,15.271,,CK
20250530,IMG_0208.jpeg,86,5,36.476,18.249,,CK
20250530,IMG_0208.jpeg,86,6,28.273,13.775,,CK
20250530,IMG_0208.jpeg,86,7,36.284,22.183,,CK
20250530,IMG_0208.jpeg,86,8,27.351,17.775,,CK
20250530,IMG_0208.jpeg,86,9,30.126,13.054,,CK
20250530,IMG_0208.jpeg,86,10,31.598,19.066,,CK
20250530,IMG_0208.jpeg,86,11,22.258,15.011,,CK
20250530,IMG_0208.jpeg,86,12,33.411,34.976,"Looks like 3 oysters clusterd together, which I measured as 1. If they were to be split one looks like it has the length of 27.397 and width of 14.733 and the other I can see would be a length of 30.289 and a width of 18.49. However they are overlapped a lot and I cannot totally tell where one begins and ends. The possible third oyster is underneath the other 2 so I can't measure it.",CK
20250530,IMG_0208.jpeg,86,13,29.853,13.543,,CK
20250530,IMG_0208.jpeg,86,14,26.579,19.096,,CK
20250530,IMG_0208.jpeg,86,15,30.476,19.883,,CK
20250530,IMG_0208.jpeg,86,16,29.863,16.629,,CK
20250530,IMG_0209.jpeg,85,1,15.67,11.668,1 mm = 15.1252 pixels ,CK
20250530,IMG_0209.jpeg,85,2,26.162,14.004,,CK
20250530,IMG_0209.jpeg,85,3,34.33,19.795,,CK
20250530,IMG_0209.jpeg,85,4,28.946,15.391,,CK
20250530,IMG_0209.jpeg,85,5,26.791,13.777,,CK
20250530,IMG_0209.jpeg,85,6,15.266,11.263,,CK
20250530,IMG_0209.jpeg,85,7,27.664,16.902,,CK
20250530,IMG_0209.jpeg,85,8,30.14,12.298,,CK
20250530,IMG_0209.jpeg,85,9,31.568,16.476,,CK
20250530,IMG_0209.jpeg,85,10,33.879,17.281,,CK
20250530,IMG_0209.jpeg,85,11,18.567,16.689,,CK
20250530,IMG_0209.jpeg,85,12,30.971,22.407,,CK
20250530,IMG_0209.jpeg,85,13,27.523,23.264,,CK
20250530,IMG_0209.jpeg,85,14,19.421,17.92,,CK
20250530,IMG_0209.jpeg,85,15,31.011,17.413,,CK
20250530,IMG_0209.jpeg,85,16,40.803,19.507,,CK
20250530,IMG_0210.jpeg,84,1,26.75,21.151,1 mm = 12.9586 pixels ,CK
20250530,IMG_0210.jpeg,84,2,29.934,16.32,,CK
20250530,IMG_0210.jpeg,84,3,33.195,14.629,,CK
20250530,IMG_0210.jpeg,84,4,22.187,16.941,,CK
20250530,IMG_0210.jpeg,84,5,29.048,15.099,,CK
20250530,IMG_0210.jpeg,84,6,28.736,22.133,,CK
20250530,IMG_0210.jpeg,84,7,34.698,20.147,,CK
20250530,IMG_0210.jpeg,84,8,29.26,14.984,,CK
20250530,IMG_0210.jpeg,84,9,23.901,19.303,,CK
20250530,IMG_0210.jpeg,84,10,21.578,19.55,,CK
20250530,IMG_0210.jpeg,84,11,37.607,26.99,,CK
20250530,IMG_0210.jpeg,84,12,23.523,16.679,,CK
20250530,IMG_0210.jpeg,84,13,33.686,18.343,,CK
20250530,IMG_0210.jpeg,84,14,35.441,19.458,,CK
20250530,IMG_0210.jpeg,84,15,28.539,16.788,,CK
20250530,IMG_0210.jpeg,84,16,28.891,22.559,,CK
20250530,IMG_0212.jpeg,83,1,23.566,16.586,1 mm = 14.0637 pixels ,CK
20250530,IMG_0212.jpeg,83,2,29.478,14.782,,CK
20250530,IMG_0212.jpeg,83,3,29.727,13.227,,CK
20250530,IMG_0212.jpeg,83,4,32.03,15.908,,CK
20250530,IMG_0212.jpeg,83,5,31.348,17.177,,CK
20250530,IMG_0212.jpeg,83,6,18.018,18.096,,CK
20250530,IMG_0212.jpeg,83,7,30.599,34,"2 oysters are overlapping I think, so I took the combined length and width of both. But to do one by one, ones length is 30.115 and width is 21.956, the others length is 29.321 but I can't get the width because it appears to be overlapped.",CK
20250530,IMG_0212.jpeg,83,8,28.95,15.842,,CK
20250530,IMG_0212.jpeg,83,9,28.191,15.635,,CK
20250530,IMG_0212.jpeg,83,10,26.255,14.297,,CK
20250530,IMG_0212.jpeg,83,11,20.273,16.483,,CK
20250530,IMG_0212.jpeg,83,12,18.151,12.045,,CK
20250530,IMG_0212.jpeg,83,13,26.323,15.543,,CK
20250530,IMG_0212.jpeg,83,14,21.034,16.577,,CK
20250530,IMG_0212.jpeg,83,15,29.362,12.965,,CK
20250530,IMG_0212.jpeg,83,16,33.223,21.502,,CK
20250530,IMG_0213.jpeg,90,1,20.881,12.933,1 mm = 9.1241 pixels ,CK
20250530,IMG_0213.jpeg,90,2,15.578,13.098,,CK
20250530,IMG_0213.jpeg,90,3,10.865,8.801,,CK
20250530,IMG_0213.jpeg,90,4,26.839,13.29,,CK
20250530,IMG_0213.jpeg,90,5,23.614,13.038,,CK
20250530,IMG_0213.jpeg,90,6,19.981,11.229,,CK
20250530,IMG_0213.jpeg,90,7,26.914,18.023,,CK
20250530,IMG_0213.jpeg,90,8,19.989,9.803,,CK
20250530,IMG_0213.jpeg,90,9,26.28,16.593,,CK
20250530,IMG_0213.jpeg,90,10,36.388,24.176,,CK
20250530,IMG_0213.jpeg,90,11,11.42,8.384,,CK
20250530,IMG_0213.jpeg,90,12,18.242,9.991,,CK
20250530,IMG_0213.jpeg,90,13,11.542,10.549,,CK
20250530,IMG_0213.jpeg,90,14,20.546,9.977,,CK
20250530,IMG_0213.jpeg,90,15,22.804,14.857,,CK
20250530,IMG_0213.jpeg,90,16,18.321,11.541,,CK
20250530,IMG_0213.jpeg,90,17,13.619,9.088,,CK
20250530,IMG_0213.jpeg,90,18,19.297,11.432,,CK
20250530,IMG_0213.jpeg,90,19,24.327,16.888,,CK
20250530,IMG_0213.jpeg,90,20,28.081,17.754,,CK
20250530,IMG_0213.jpeg,90,21,12.548,7.161,,CK
20250530,IMG_0213.jpeg,90,22,25.931,14.614,,CK
20250530,IMG_0213.jpeg,90,23,26.061,15.49,,CK
20250530,IMG_0213.jpeg,90,24,27.379,16.041,,CK
20250530,IMG_0213.jpeg,90,25,30.989,15.473,,CK
20250530,IMG_0213.jpeg,90,26,8.692,7.765,,CK
20250530,IMG_0213.jpeg,90,27,20.356,11.636,,CK
20250530,IMG_0213.jpeg,90,28,8.99,6.458,,CK
20250530,IMG_0213.jpeg,90,29,14.904,9.524,,CK
20250530,IMG_0213.jpeg,90,30,12.812,7.303,,CK
20250530,IMG_0213.jpeg,90,31,23.965,12.89,,CK
20250530,IMG_0213.jpeg,90,32,20.739,10.598,,CK
20250530,IMG_0213.jpeg,90,33,30.716,18.036,,CK
20250530,IMG_0213.jpeg,90,34,28.124,20.221,,CK
20250530,IMG_0213.jpeg,90,35,10.923,14.727,,CK
20250530,IMG_0213.jpeg,90,36,11.009,10.265,,CK
20250530,IMG_0213.jpeg,90,37,11.824,10.198,,CK
20250530,IMG_0213.jpeg,90,38,7.378,8.239,,CK
20250530,IMG_0213.jpeg,82,1,17.756,13.947,,CK
20250530,IMG_0213.jpeg,82,2,21.065,14.533,,CK
20250530,IMG_0213.jpeg,82,3,14.616,7.716,,CK
20250530,IMG_0213.jpeg,82,4,21.685,15.285,,CK
20250530,IMG_0213.jpeg,82,5,13.594,10.771,Couldn't tell length from width on this one,CK
20250530,IMG_0213.jpeg,82,6,17.428,11.614,,CK
20250530,IMG_0213.jpeg,82,7,14.909,9.997,,CK
20250530,IMG_0213.jpeg,82,8,27.972,12.837,"Could be a bit longer, but the lenth outlines looked a little blurred so it was hard to tell",CK
20250530,IMG_0213.jpeg,82,9,13.245,9.273,,CK
20250530,IMG_0213.jpeg,82,10,12.11,8.842,,CK
20250530,IMG_0213.jpeg,82,11,10.215,6.905,,CK
20250530,IMG_0213.jpeg,82,12,23.07,14.788,,CK
20250530,IMG_0213.jpeg,82,13,20.972,13.08,,CK
20250530,IMG_0213.jpeg,82,14,19.92,16.999,,CK
20250530,IMG_0213.jpeg,82,15,27.479,15.932,,CK
20250530,IMG_0213.jpeg,82,16,23.527,12.926,,CK
20250530,IMG_0213.jpeg,82,17,12.697,10.181,,CK
20250530,IMG_0213.jpeg,82,18,14.834,9.117,,CK
20250530,IMG_0213.jpeg,82,19,18.302,12.641,,CK
20250530,IMG_0213.jpeg,82,20,22.186,17.033,Couldn’t tell length from width,CK
20250530,IMG_0213.jpeg,82,21,13.178,8.849,,CK
20250530,IMG_0213.jpeg,82,22,25.904,16.047,,CK
20250530,IMG_0213.jpeg,82,23,19.502,11.126,,CK
20250530,IMG_0213.jpeg,82,24,13.233,11.762,,CK
20250530,IMG_0213.jpeg,82,25,18.784,14.254,,CK
20250530,IMG_0213.jpeg,82,26,8.026,6.299,,CK
20250530,IMG_0213.jpeg,82,27,15.626,11.021,,CK
20250530,IMG_0213.jpeg,82,28,9.037,8.338,,CK
20250530,IMG_0213.jpeg,82,29,10.505,8.236,,CK
20250530,IMG_0213.jpeg,82,30,14.142,10.675,,CK
20250530,IMG_0213.jpeg,82,31,30.078,18.265,,CK
20250530,IMG_0213.jpeg,82,32,27.773,15.344,,CK
20250530,IMG_0213.jpeg,82,33,25.586,17.193,,CK
20250530,IMG_0213.jpeg,82,34,16.226,9.153,,CK
20250530,IMG_0213.jpeg,82,35,18.684,13.122,,CK
20250530,IMG_0213.jpeg,82,36,16.094,26.822,,CK
20250530,IMG_0213.jpeg,82,37,16.851,10.968,,CK
20250530,IMG_0213.jpeg,82,38,11.235,7.682,,CK
20250530,IMG_0213.jpeg,81,1,16.254,14.006,,CK
20250530,IMG_0213.jpeg,81,2,19.766,10.047,,CK
20250530,IMG_0213.jpeg,81,3,14.53,9.66,,CK
20250530,IMG_0213.jpeg,81,4,22.009,13.645,,CK
20250530,IMG_0213.jpeg,81,5,27.542,14.338,,CK
20250530,IMG_0213.jpeg,81,6,7.581,6.792,,CK
20250530,IMG_0213.jpeg,81,7,23.515,10.703,,CK
20250530,IMG_0213.jpeg,81,8,16.321,10.573,,CK
20250530,IMG_0213.jpeg,81,9,25.214,12.231,,CK
20250530,IMG_0213.jpeg,81,10,10.669,9.12,,CK
20250530,IMG_0213.jpeg,81,11,28.883,13.19,,CK
20250530,IMG_0213.jpeg,81,12,9.905,7.234,,CK
20250530,IMG_0213.jpeg,81,13,30.287,16.554,,CK
20250530,IMG_0213.jpeg,81,14,25.673,13.482,,CK
20250530,IMG_0213.jpeg,81,15,9.3,6.491,,CK
20250530,IMG_0213.jpeg,81,16,10.145,10.362,,CK
20250530,IMG_0213.jpeg,81,17,10.127,9.991,,CK
20250530,IMG_0213.jpeg,81,18,15.826,8.368,,CK
20250530,IMG_0213.jpeg,81,19,12.424,12.927,,CK
20250530,IMG_0213.jpeg,81,20,18.534,10.346,,CK
20250530,IMG_0213.jpeg,81,21,9.646,8.695,,CK
20250530,IMG_0213.jpeg,81,22,14.14,10.231,,CK
20250530,IMG_0213.jpeg,81,23,23.067,12.511,,CK
20250530,IMG_0213.jpeg,81,24,23.908,14.472,,CK
20250530,IMG_0213.jpeg,81,25,23.64,13.6,,CK
20250530,IMG_0213.jpeg,81,26,16.189,10.364,,CK
20250530,IMG_0213.jpeg,81,27,12.253,7.976,,CK
20250530,IMG_0213.jpeg,81,28,10.781,11.964,Looks like 2 oysters next to eachother for their width,CK
20250530,IMG_0213.jpeg,81,29,22.624,14.442,,CK
20250530,IMG_0213.jpeg,81,30,19.613,11.005,,CK
20250530,IMG_0213.jpeg,81,31,25.489,16.82,,CK
20250530,IMG_0213.jpeg,81,32,15.509,9.668,,CK
20250530,IMG_0213.jpeg,81,33,23.416,14.683,,CK
20250530,IMG_0213.jpeg,81,34,19.349,11.502,,CK
20250530,IMG_0213.jpeg,81,35,19.984,14.379,,CK
20250530,IMG_0213.jpeg,81,36,9.188,9.13,,CK
20250530,IMG_0213.jpeg,81,37,14.203,9.668,,CK
20250530,IMG_0213.jpeg,81,38,24.32,18.46,,CK
20250530,IMG_0213.jpeg,81,39,19.121,10.862,,CK
20250530,IMG_0213.jpeg,80,1,24.037,15.109,,CK
20250530,IMG_0213.jpeg,80,2,19.508,11.494,,CK
20250530,IMG_0213.jpeg,80,3,24.573,17.827,,CK
20250530,IMG_0213.jpeg,80,4,19.267,12.876,,CK
20250530,IMG_0213.jpeg,80,5,21.008,13.602,,CK
20250530,IMG_0213.jpeg,80,6,11.355,9.784,,CK
20250530,IMG_0213.jpeg,80,7,10.688,8.766,,CK
20250530,IMG_0213.jpeg,80,8,18.297,13.303,,CK
20250530,IMG_0213.jpeg,80,9,23.472,14.631,,CK
20250530,IMG_0213.jpeg,80,10,22.225,16.413,,CK
20250530,IMG_0213.jpeg,80,11,17.308,11.881,,CK
20250530,IMG_0213.jpeg,80,12,12.943,10.846,,CK
20250530,IMG_0213.jpeg,80,13,16.824,11.209,,CK
20250530,IMG_0213.jpeg,80,14,12.095,8.651,,CK
20250530,IMG_0213.jpeg,80,15,17.388,9.228,,CK
20250530,IMG_0213.jpeg,80,16,12.702,9.013,,CK
20250530,IMG_0213.jpeg,80,17,17.999,18.298,,CK
20250530,IMG_0213.jpeg,80,18,19.576,15.93,,CK
20250530,IMG_0213.jpeg,80,19,25.255,19.14,Some of the width was covered and overlapped ,CK
20250530,IMG_0213.jpeg,80,20,28.547,17.911,,CK
20250530,IMG_0213.jpeg,80,21,12.273,10.126,,CK
20250530,IMG_0213.jpeg,80,22,27.263,18.768,,CK
20250530,IMG_0213.jpeg,80,23,26.54,17.549,,CK
20250530,IMG_0213.jpeg,80,24,13.185,9.07,,CK
20250530,IMG_0213.jpeg,80,25,21.798,12.686,,CK
20250530,IMG_0213.jpeg,80,26,33.257,17.647,,CK
20250530,IMG_0213.jpeg,80,27,28.2,24.26,,CK
20250530,IMG_0213.jpeg,80,28,25.102,19.122,,CK
20250530,IMG_0213.jpeg,80,29,18.961,12.934,,CK
20250530,IMG_0213.jpeg,80,30,26.648,13.731,,CK
20250530,IMG_0213.jpeg,80,31,13.882,9.004,,CK
20250530,IMG_0213.jpeg,80,32,17.895,10.506,,CK
20250530,IMG_0213.jpeg,80,33,21.344,11.741,,CK
20250530,IMG_0213.jpeg,80,34,22.719,13.743,,CK
20250530,IMG_0213.jpeg,80,35,13.596,14.527,,CK
20250530,IMG_0213.jpeg,80,36,13.502,11.336,,CK
20250530,IMG_0213.jpeg,80,37,19.989,13.968,Some of the width was overlapped and cutoff,CK
20250530,IMG_0213.jpeg,80,38,22.799,11.802,Some of the width seemed to be overlapped,CK
20250530,IMG_0214.jpeg,62,1,19.124,13.309,1 mm = 10.7596 pixels ,CK
20250530,IMG_0214.jpeg,62,2,24.614,14.474,,CK
20250530,IMG_0214.jpeg,62,3,24.524,14.922,,CK
20250530,IMG_0214.jpeg,62,4,23.621,11.628,,CK
20250530,IMG_0214.jpeg,62,5,26.703,21.888,,CK
20250530,IMG_0214.jpeg,62,6,26.817,16.884,,CK
20250530,IMG_0214.jpeg,62,7,22.06,13.512,,CK
20250530,IMG_0214.jpeg,62,8,26.991,13.293,,CK
20250530,IMG_0214.jpeg,62,9,21.994,15.053,,CK
20250530,IMG_0214.jpeg,62,10,27.717,25.437,,CK
20250530,IMG_0214.jpeg,62,11,28.786,18.138,,CK
20250530,IMG_0214.jpeg,62,12,12.945,7.462,,CK
20250530,IMG_0214.jpeg,62,13,27.898,17.641,,CK
20250530,IMG_0214.jpeg,62,14,29.139,16.497,,CK
20250530,IMG_0214.jpeg,62,15,31.572,18.765,,CK
20250530,IMG_0214.jpeg,62,16,17.226,12.896,,CK
20250530,IMG_0214.jpeg,62,17,11.961,8.328,,CK
20250530,IMG_0214.jpeg,62,18,23.286,14.502,,CK
20250530,IMG_0214.jpeg,62,19,16.658,11.538,,CK
20250530,IMG_0214.jpeg,62,20,16.388,10.596,,CK
20250530,IMG_0214.jpeg,61,1,26.616,12.76,,CK
20250530,IMG_0214.jpeg,61,2,23.906,14.741,,CK
20250530,IMG_0214.jpeg,61,3,27.448,27.705,2 oysters connected to width was large,CK
20250530,IMG_0214.jpeg,61,4,8.583,6.855,,CK
20250530,IMG_0214.jpeg,61,5,23.05,11.34,,CK
20250530,IMG_0214.jpeg,61,6,15.828,16.185,,CK
20250530,IMG_0214.jpeg,61,7,23.25,12.455,,CK
20250530,IMG_0214.jpeg,61,8,18.084,12.866,,CK
20250530,IMG_0214.jpeg,61,9,26.024,16.463,,CK
20250530,IMG_0214.jpeg,61,10,25.223,13.88,,CK
20250530,IMG_0214.jpeg,61,11,23.543,11.714,,CK
20250530,IMG_0214.jpeg,61,12,28.562,17.676,,CK
20250530,IMG_0214.jpeg,61,13,26.485,17.057,,CK
20250530,IMG_0214.jpeg,61,14,24.63,16.544,,CK
20250530,IMG_0214.jpeg,61,15,21.697,12.553,,CK
20250530,IMG_0214.jpeg,61,16,24.397,15.312,,CK
20250530,IMG_0214.jpeg,61,17,13.643,7.111,,CK
20250530,IMG_0214.jpeg,61,18,27.617,18.766,,CK
20250530,IMG_0214.jpeg,61,19,13.021,7.762,,CK
20250530,IMG_0214.jpeg,74,1,25.475,17.552,,CK
20250530,IMG_0214.jpeg,74,2,18.031,14.36,,CK
20250530,IMG_0214.jpeg,74,3,23.615,15.18,,CK
20250530,IMG_0214.jpeg,74,4,24.299,18.001,,CK
20250530,IMG_0214.jpeg,74,5,22.232,14.499,,CK
20250530,IMG_0214.jpeg,74,6,9.082,8.882,,CK
20250530,IMG_0214.jpeg,74,7,14.804,8.886,,CK
20250530,IMG_0214.jpeg,74,8,21.065,10.933,,CK
20250530,IMG_0214.jpeg,74,9,10.005,6.901,Width was overlapped,CK
20250530,IMG_0214.jpeg,74,10,17.624,10.937,,CK
20250530,IMG_0214.jpeg,74,11,17.224,9.822,,CK
20250530,IMG_0214.jpeg,74,12,12.733,7.833,,CK
20250530,IMG_0214.jpeg,74,13,30.124,16.719,,CK
20250530,IMG_0214.jpeg,74,14,23.981,13.203,,CK
20250530,IMG_0214.jpeg,74,15,22.602,12.268,,CK
20250530,IMG_0214.jpeg,74,16,22.775,14.919,,CK
20250530,IMG_0214.jpeg,74,17,11.956,8.228,,CK
20250530,IMG_0214.jpeg,74,18,15.731,12.283,,CK
20250530,IMG_0214.jpeg,74,19,26.69,15.68,,CK
20250530,IMG_0214.jpeg,74,20,31.738,18.709,,CK
20250530,IMG_0214.jpeg,74,21,19.328,10.122,,CK
20250530,IMG_0214.jpeg,75,1,34.087,19.705,,CK
20250530,IMG_0214.jpeg,75,2,26.481,17.955,,CK
20250530,IMG_0214.jpeg,75,3,28.542,17.567,Length was overlapped ,CK
20250530,IMG_0214.jpeg,75,4,30.512,19.161,,CK
20250530,IMG_0214.jpeg,75,5,9.643,11.477,,CK
20250530,IMG_0214.jpeg,75,6,12.94,9.703,,CK
20250530,IMG_0214.jpeg,75,7,18.328,12.118,,CK
20250530,IMG_0214.jpeg,75,8,24.621,13.119,,CK
20250530,IMG_0214.jpeg,75,9,16.213,17.717,,CK
20250530,IMG_0214.jpeg,75,10,22.754,13.049,,CK
20250530,IMG_0214.jpeg,75,11,26.622,15.252,,CK
20250530,IMG_0214.jpeg,75,12,13.484,6.785,,CK
20250530,IMG_0214.jpeg,75,13,14.523,10.899,,CK
20250530,IMG_0214.jpeg,75,14,26.577,17.15,,CK
20250530,IMG_0214.jpeg,75,15,35.132,19.239,,CK
20250530,IMG_0214.jpeg,75,16,19.25,12.261,"Can't measure full width, it got covered",CK
20250530,IMG_0214.jpeg,75,17,15.718,11.079,,CK
20250530,IMG_0214.jpeg,75,18,34.529,15.183,,CK
20250530,IMG_0214.jpeg,75,19,28.756,14.965,,CK
20250530,IMG_0214.jpeg,75,20,16.009,10.876,,CK
20250530,IMG_0214.jpeg,74,21,13.522,7.371,,CK
20250530,IMG_0215.jpeg,72,1,26.855,20.811,1 mm = 9.0001 pixels ,CK
20250530,IMG_0215.jpeg,72,2,16.398,14.349,,CK
20250530,IMG_0215.jpeg,72,3,16.376,14.828,,CK
20250530,IMG_0215.jpeg,72,4,23.226,17.59,,CK
20250530,IMG_0215.jpeg,72,5,12.588,10.447,,CK
20250530,IMG_0215.jpeg,72,6,20.89,13.917,,CK
20250530,IMG_0215.jpeg,72,7,27.519,15.951,,CK
20250530,IMG_0215.jpeg,72,8,31.632,21.103,,CK
20250530,IMG_0215.jpeg,72,9,31.468,17.49,,CK
20250530,IMG_0215.jpeg,72,10,35.212,21.252,,CK
20250530,IMG_0215.jpeg,72,11,19.016,15.319,,CK
20250530,IMG_0215.jpeg,72,12,27.064,23.077,,CK
20250530,IMG_0215.jpeg,72,13,23.891,16.232,,CK
20250530,IMG_0215.jpeg,72,14,23.419,14.223,,CK
20250530,IMG_0215.jpeg,73,1,18.068,14.041,,CK
20250530,IMG_0215.jpeg,73,2,22.664,14.559,,CK
20250530,IMG_0215.jpeg,73,3,16.565,13.846,,CK
20250530,IMG_0215.jpeg,73,4,18.409,12.64,,CK
20250530,IMG_0215.jpeg,73,5,20.126,13.35,,CK
20250530,IMG_0215.jpeg,73,6,35.117,20.75,,CK
20250530,IMG_0215.jpeg,73,7,25.51,15.451,,CK
20250530,IMG_0215.jpeg,73,8,14.492,10.951,,CK
20250530,IMG_0215.jpeg,73,9,31.022,18.552,,CK
20250530,IMG_0215.jpeg,73,10,11.637,8.549,,CK
20250530,IMG_0215.jpeg,73,11,21.674,15.595,,CK
20250530,IMG_0215.jpeg,73,12,20.023,15.188,,CK
20250530,IMG_0215.jpeg,73,13,28.027,16.045,,CK
20250530,IMG_0215.jpeg,73,14,29.856,20.563,,CK
20250530,IMG_0215.jpeg,66,1,19.108,15.344,,CK
20250530,IMG_0215.jpeg,66,2,22.847,15.727,,CK
20250530,IMG_0215.jpeg,66,3,22.162,17.114,,CK
20250530,IMG_0215.jpeg,66,4,23.043,12.513,,CK
20250530,IMG_0215.jpeg,66,5,34.884,22.405,,CK
20250530,IMG_0215.jpeg,66,6,17.939,16.713,,CK
20250530,IMG_0215.jpeg,66,7,19.222,12.475,,CK
20250530,IMG_0215.jpeg,66,8,31.619,19.116,,CK
20250530,IMG_0215.jpeg,66,9,30.045,21.042,,CK
20250530,IMG_0215.jpeg,66,10,17.695,13.657,,CK
20250530,IMG_0215.jpeg,66,11,21.785,19.157,,CK
20250530,IMG_0215.jpeg,66,12,25.354,21.289,,CK
20250530,IMG_0215.jpeg,66,13,26.307,23.474,,CK
20250530,IMG_0215.jpeg,66,14,30.786,18.572,,CK
20250530,IMG_0215.jpeg,71,1,25.441,15.965,,CK
20250530,IMG_0215.jpeg,71,2,11.68,9.669,,CK
20250530,IMG_0215.jpeg,71,3,23.749,20.224,,CK
20250530,IMG_0215.jpeg,71,4,26.516,13.865,,CK
20250530,IMG_0215.jpeg,71,5,32.493,23.12,,CK
20250530,IMG_0215.jpeg,71,6,13.333,10.943,,CK
20250530,IMG_0215.jpeg,71,7,24.986,16.829,,CK
20250530,IMG_0215.jpeg,71,8,31.808,24.656,,CK
20250530,IMG_0215.jpeg,71,9,25.709,18.392,,CK
20250530,IMG_0215.jpeg,71,10,25.113,20.112,,CK
20250530,IMG_0215.jpeg,71,11,9.667,7.434,,CK
20250530,IMG_0215.jpeg,71,12,19.434,13.431,,CK
20250530,IMG_0215.jpeg,71,13,20.42,15.846,,CK
20250530,IMG_0216.jpeg,65,1,15.079,13.257,1 mm = 10.9587 pixels ,CK
20250530,IMG_0216.jpeg,65,2,20.85,15.702,,CK
20250530,IMG_0216.jpeg,65,3,25.761,17.518,,CK
20250530,IMG_0216.jpeg,65,4,19.802,14.418,,CK
20250530,IMG_0216.jpeg,65,5,31.959,16.81,,CK
20250530,IMG_0216.jpeg,65,6,21.335,12.696,,CK
20250530,IMG_0216.jpeg,65,7,20.124,14.487,,CK
20250530,IMG_0216.jpeg,65,8,16.359,12.797,,CK
20250530,IMG_0216.jpeg,65,9,23.65,15.969,,CK
20250530,IMG_0216.jpeg,65,10,19.024,16.653,,CK
20250530,IMG_0216.jpeg,65,11,14.63,10.701,,CK
20250530,IMG_0216.jpeg,65,12,15.891,10.404,,CK
20250530,IMG_0216.jpeg,65,13,20.395,15.84,,CK
20250530,IMG_0216.jpeg,65,14,10.443,7.548,,CK
20250530,IMG_0216.jpeg,65,15,11.602,12.629,,CK
20250530,IMG_0216.jpeg,65,16,10.731,10.279,,CK
20250530,IMG_0216.jpeg,65,17,25.021,15.063,,CK
20250530,IMG_0216.jpeg,65,18,8.795,6.51,,CK
20250530,IMG_0216.jpeg,65,19,24.72,16.365,,CK
20250530,IMG_0216.jpeg,65,20,19.676,14.099,,CK
20250530,IMG_0216.jpeg,65,21,9.982,11.74,,CK
20250530,IMG_0216.jpeg,65,22,21.528,15.058,,CK
20250530,IMG_0216.jpeg,65,23,14.055,8.585,,CK
20250530,IMG_0216.jpeg,65,24,20.434,12.153,,CK
20250530,IMG_0216.jpeg,65,25,12.315,6.616,,CK
20250530,IMG_0216.jpeg,65,26,28.996,14.783,,CK
20250530,IMG_0216.jpeg,65,27,9.234,8.091,"Somehpw measured 27 oysters but counted 29, not sure which 2 weren't included",CK
20250530,IMG_0216.jpeg,67,1,19.874,12.802,,CK
20250530,IMG_0216.jpeg,67,2,15.41,1.344,,CK
20250530,IMG_0216.jpeg,67,3,13.835,9.855,,CK
20250530,IMG_0216.jpeg,67,4,22.593,15.371,,CK
20250530,IMG_0216.jpeg,67,5,13.186,10.273,,CK
20250530,IMG_0216.jpeg,67,6,11.918,10.667,,CK
20250530,IMG_0216.jpeg,67,7,19.911,13.514,,CK
20250530,IMG_0216.jpeg,67,8,22.133,14.193,,CK
20250530,IMG_0216.jpeg,67,9,25.828,15.43,,CK
20250530,IMG_0216.jpeg,67,10,20.852,13.746,,CK
20250530,IMG_0216.jpeg,67,11,26.298,18.713,,CK
20250530,IMG_0216.jpeg,67,12,18.599,13.149,,CK
20250530,IMG_0216.jpeg,67,13,14.812,10.01,,CK
20250530,IMG_0216.jpeg,67,14,8.948,7.725,,CK
20250530,IMG_0216.jpeg,67,15,17.786,8.998,,CK
20250530,IMG_0216.jpeg,67,16,20.092,13.92,,CK
20250530,IMG_0216.jpeg,67,17,10.36,9.084,,CK
20250530,IMG_0216.jpeg,67,18,28.065,19,,CK
20250530,IMG_0216.jpeg,67,19,21.528,13.823,,CK
20250530,IMG_0216.jpeg,67,20,10.299,7.611,"Length and width might be switched, hard to tell",CK
20250530,IMG_0216.jpeg,67,21,9.082,6.845,,CK
20250530,IMG_0216.jpeg,67,22,32.689,18.597,,CK
20250530,IMG_0216.jpeg,67,23,25.826,14.72,,CK
20250530,IMG_0216.jpeg,67,24,26.02,13.324,,CK
20250530,IMG_0216.jpeg,67,25,26.084,15.557,,CK
20250530,IMG_0216.jpeg,67,26,20.921,13.78,,CK
20250530,IMG_0216.jpeg,67,27,22.745,15.725,,CK
20250530,IMG_0216.jpeg,67,28,21.692,12.798,,CK
20250530,IMG_0216.jpeg,67,29,25.615,16.985,"Somhow have one extra measured, one was likely measured twice within the first 10 that I measured",CK
20250530,IMG_0217.jpeg,70,1,26.27,15.501,11.8768 pixels: 1mm,DD
20250530,IMG_0217.jpeg,70,2,20.222,12.634,Length taken from posterior to anterior at longest point,DD
20250530,IMG_0217.jpeg,70,3,17.475,10.81,Width taken horizontally at widest point,DD
20250530,IMG_0217.jpeg,70,4,17.964,10.273,,DD
20250530,IMG_0217.jpeg,70,5,14.009,11.53,,DD
20250530,IMG_0217.jpeg,70,6,22.328,11.624,,DD
20250530,IMG_0217.jpeg,70,7,22.491,13.136,,DD
20250530,IMG_0217.jpeg,70,8,16.708,14.322,,DD
20250530,IMG_0217.jpeg,70,9,13.145,10.104,,DD
20250530,IMG_0217.jpeg,70,10,13.799,12.386,,DD
20250530,IMG_0217.jpeg,70,11,8.752,7.916,,DD
20250530,IMG_0217.jpeg,70,12,16.791,7.916,,DD
20250530,IMG_0217.jpeg,70,13,10.613,10.285,,DD
20250530,IMG_0217.jpeg,70,14,14.414,9.359,,DD
20250530,IMG_0217.jpeg,70,15,8.76,14.154,,DD
20250530,IMG_0217.jpeg,70,16,12.586,8.815,,DD
20250530,IMG_0217.jpeg,70,17,27.039,9.28,,DD
20250530,IMG_0217.jpeg,70,18,16.254,17.411,,DD
20250530,IMG_0217.jpeg,70,19,27.281,13.731,,DD
20250530,IMG_0217.jpeg,70,20,17.365,16.348,,DD
20250530,IMG_0217.jpeg,70,21,20.418,12.297,,DD
20250530,IMG_0217.jpeg,70,22,21.634,12.307,,DD
20250530,IMG_0217.jpeg,70,23,25.208,14.436,,DD
20250530,IMG_0217.jpeg,70,24,26.305,12.816,,DD
20250530,IMG_0217.jpeg,70,25,25.245,11.967,,DD
20250530,IMG_0217.jpeg,70,26,27.696,15.338,,DD
20250530,IMG_0217.jpeg,70,27,29.737,14.315,,DD
20250530,IMG_0217.jpeg,70,28,11.452,9.551,,DD
20250530,IMG_0217.jpeg,69,1,20.207,11.788,,DD
20250530,IMG_0217.jpeg,69,2,23.662,16.887,,DD
20250530,IMG_0217.jpeg,69,3,16.534,11.162,,DD
20250530,IMG_0217.jpeg,69,4,25.196,13.981,,DD
20250530,IMG_0217.jpeg,69,5,15.833,7.595,,DD
20250530,IMG_0217.jpeg,69,6,19.537,12.652,,DD
20250530,IMG_0217.jpeg,69,7,23.729,19.237,,DD
20250530,IMG_0217.jpeg,69,8,20.486,11.482,,DD
20250530,IMG_0217.jpeg,69,9,24.606,12.816,,DD
20250530,IMG_0217.jpeg,69,10,12.575,9.604,,DD
20250530,IMG_0217.jpeg,69,11,18.788,10.44,,DD
20250530,IMG_0217.jpeg,69,12,23.148,13.64,,DD
20250530,IMG_0217.jpeg,69,13,26.641,13.981,,DD
20250530,IMG_0217.jpeg,69,14,20.676,9.937,,DD
20250530,IMG_0217.jpeg,69,15,24.519,16.861,,DD
20250530,IMG_0217.jpeg,69,16,16.84,14.013,,DD
20250530,IMG_0217.jpeg,69,17,24.643,19.2,,DD
20250530,IMG_0217.jpeg,69,18,23.865,16.006,,DD
20250530,IMG_0217.jpeg,69,19,25.365,17.513,,DD
20250530,IMG_0217.jpeg,69,20,22.924,12.135,,DD
20250530,IMG_0217.jpeg,69,21,27.625,14.013,,DD
20250530,IMG_0217.jpeg,69,22,25.898,11.967,,DD
20250530,IMG_0217.jpeg,69,23,22.872,15.92,,DD
20250530,IMG_0217.jpeg,69,24,18.19,12.966,,DD
20250530,IMG_0217.jpeg,69,25,21.151,12.311,,DD
20250530,IMG_0217.jpeg,69,26,9.248,7.578,,DD
20250530,IMG_0217.jpeg,69,27,12.352,10.44,,DD
20250530,IMG_0217.jpeg,69,28,11.936,8.588,,DD
20250530,IMG_0219,63,1,40.718,18.045,9.7532 pixels:1mm,DD
20250530,IMG_0219,63,2,22.523,14.325,Length taken from posterior to anterior at longest point,DD
20250530,IMG_0219,63,3,21.69,16.815,Width taken horizontally at widest point,DD
20250530,IMG_0219,63,4,27.573,16.588,,DD
20250530,IMG_0219,63,5,22.879,19.604,,DD
20250530,IMG_0219,63,6,28.697,10.828,,DD
20250530,IMG_0219,63,7,37.878,14.5,,DD
20250530,IMG_0219,63,8,16.755,11.035,,DD
20250530,IMG_0219,63,9,15.257,21.168,,DD
20250530,IMG_0219,63,10,10.663,15.633,,DD
20250530,IMG_0219,63,11,11.284,20.522,,DD
20250530,IMG_0219,63,12,25.031,18.46,,DD
20250530,IMG_0219,63,13,26.658,16.333,,DD
20250530,IMG_0219,63,14,13.932,17.975,,DD
20250530,IMG_0219,63,15,19.839,7.963,,DD
20250530,IMG_0219,63,16,29.849,7.792,,DD
20250530,IMG_0219,63,17,31.234,10.835,,DD
20250530,IMG_0219,64,1,21.853,21.853,,DD
20250530,IMG_0219,64,2,26.665,26.665,,DD
20250530,IMG_0219,64,3,13.329,12.536,,DD
20250530,IMG_0219,64,4,14.971,16.007,,DD
20250530,IMG_0219,64,5,16.815,10.765,,DD
20250530,IMG_0219,64,6,19.739,12.114,,DD
20250530,IMG_0219,64,7,28.54,16.816,,DD
20250530,IMG_0219,64,8,21.556,12.569,,DD
20250530,IMG_0219,64,9,27.932,15.806,,DD
20250530,IMG_0219,64,10,21.46,18.606,,DD
20250530,IMG_0219,64,11,28.897,15.992,,DD
20250530,IMG_0219,64,12,13.903,14.5,,DD
20250530,IMG_0219,64,13,33.198,18.601,,DD
20250530,IMG_0219,64,14,11.817,12.099,,DD
20250530,IMG_0219,64,15,19.439,17.84,,DD
20250530,IMG_0219,64,16,10.641,8.546,,DD
20250530,IMG_0219,64,17,22.193,17.153,,DD
20250530,IMG_0219,68,1,12.715,9.433,,DD
20250530,IMG_0219,68,2,29.093,19.276,,DD
20250530,IMG_0219,68,3,23.226,13.354,,DD
20250530,IMG_0219,68,4,10.53,7.382,,DD
20250530,IMG_0219,68,5,14.971,10.671,,DD
20250530,IMG_0219,68,6,22.509,11.894,,DD
20250530,IMG_0219,68,7,12.925,7.792,,DD
20250530,IMG_0219,68,8,17.23,11.073,,DD
20250530,IMG_0219,68,9,20.367,17.489,,DD
20250530,IMG_0219,68,10,34.046,24.024,,DD
20250530,IMG_0219,68,11,32.195,14.149,,DD
20250530,IMG_0219,68,12,22.758,13.331,,DD
20250530,IMG_0219,68,13,14.787,10.663,,DD
20250530,IMG_0219,68,14,12.413,8.652,,DD
20250530,IMG_0219,68,15,10.456,7.118,,DD
20250530,IMG_0219,68,16,15.651,10.978,,DD
20250530,IMG_0219,68,17,28.711,19.238,,DD
20250530,IMG_0219,60,1,25.269,17.97,,DD
20250530,IMG_0219,60,2,26.944,20.331,,DD
20250530,IMG_0219,60,3,24.457,16.581,,DD
20250530,IMG_0219,60,4,14.892,13.534,,DD
20250530,IMG_0219,60,5,17.917,14.203,,DD
20250530,IMG_0219,60,6,14.325,9.253,,DD
20250530,IMG_0219,60,7,28.084,19.729,,DD
20250530,IMG_0219,60,8,14.042,9.58,,DD
20250530,IMG_0219,60,9,12.464,9.496,,DD
20250530,IMG_0219,60,10,23.298,13.842,,DD
20250530,IMG_0219,60,11,14.179,12,,DD
20250530,IMG_0219,60,12,21.958,19.16,,DD
20250530,IMG_0219,60,13,24.632,12.952,,DD
20250530,IMG_0219,60,14,16.65,10.836,,DD
20250530,IMG_0219,60,15,22.155,13.855,,DD
20250530,IMG_0219,60,16,36.018,21.042,,DD
20250530,IMG_0219,60,17,23.814,17.359,,DD
20250530,IMG_0220,56,1,12.98,12.706,8.193 pixels: 1mm,DD
20250530,IMG_0220,56,2,13.338,12.214,Length taken from posterior to anterior at longest point,DD
20250530,IMG_0220,56,3,18.345,10.5,Width taken horizontally at widest point,DD
20250530,IMG_0220,56,4,16.164,10.744,,DD
20250530,IMG_0220,56,5,17.797,9.815,,DD
20250530,IMG_0220,56,6,24.299,17.461,,DD
20250530,IMG_0220,56,7,25.4,18.485,,DD
20250530,IMG_0220,56,8,21.829,13.553,,DD
20250530,IMG_0220,56,9,16.244,11.852,,DD
20250530,IMG_0220,56,10,38.849,21.248,,DD
20250530,IMG_0220,56,11,31.775,20.401,,DD
20250530,IMG_0220,56,12,15.268,11.353,,DD
20250530,IMG_0220,56,13,14.954,8.669,,DD
20250530,IMG_0220,56,14,19.656,13.551,,DD
20250530,IMG_0220,56,15,40.159,24.294,,DD
20250530,IMG_0220,56,16,19.662,13.185,,DD
20250530,IMG_0220,56,17,33.084,17.091,,DD
20250530,IMG_0220,56,18,9.012,8.305,,DD
20250530,IMG_0220,56,19,39.976,22.956,,DD
20250530,IMG_0220,56,20,24.881,21.255,,DD
20250530,IMG_0220,56,21,33.663,20.267,,DD
20250530,IMG_0220,56,22,18.111,16.115,,DD
20250530,IMG_0220,56,23,12.238,11.012,,DD
20250530,IMG_0220,56,24,17.6,16.388,,DD
20250530,IMG_0220,56,25,15.394,15.87,,DD
20250530,IMG_0220,56,26,15.146,12.462,,DD
20250530,IMG_0220,56,27,24.733,19.777,,DD
20250530,IMG_0220,56,28,17.458,10.746,,DD
20250530,IMG_0220,56,29,30.167,21.974,,DD
20250530,IMG_0220,56,30,34.243,22.712,,DD
20250530,IMG_0220,56,31,25.427,13.926,,DD
20250530,IMG_0220,56,32,19.25,14.966,,DD
20250530,IMG_0220,56,33,13.358,11.311,,DD
20250530,IMG_0220,56,34,11.499,10.258,,DD
20250530,IMG_0220,56,35,29.999,20.134,,DD
20250530,IMG_0220,56,36,21.243,19.414,,DD
20250530,IMG_0220,56,37,17.547,10.987,,DD
20250530,IMG_0220,56,38,17.541,16.851,,DD
20250530,IMG_0220,56,39,22.625,18.678,,DD
20250530,IMG_0220,56,40,16.506,19.059,,DD
20250530,IMG_0220,56,41,31.364,15.748,,DD
20250530,IMG_0220,56,42,21.319,14.668,,DD
20250530,IMG_0220,56,43,25.519,13.551,,DD
20250530,IMG_0220,56,44,14.331,14.654,,DD
20250530,IMG_0220,56,45,22.781,17.217,,DD
20250530,IMG_0220,57,1,17.647,11.231,,DD
20250530,IMG_0220,57,2,14.195,9.766,,DD
20250530,IMG_0220,57,3,22.11,15.138,,DD
20250530,IMG_0220,57,4,12.555,11.234,,DD
20250530,IMG_0220,57,5,10.067,9.034,,DD
20250530,IMG_0220,57,6,21.332,13.919,,DD
20250530,IMG_0220,57,7,20.027,15.626,,DD
20250530,IMG_0220,57,8,21.911,13.266,,DD
20250530,IMG_0220,57,9,25.45,22.468,,DD
20250530,IMG_0220,57,10,16.605,12.696,,DD
20250530,IMG_0220,57,11,24.909,17.83,,DD
20250530,IMG_0220,57,12,34.679,26.863,,DD
20250530,IMG_0220,57,13,13.771,11.29,,DD
20250530,IMG_0220,57,14,9.281,7.847,,DD
20250530,IMG_0220,57,15,14.461,11.499,,DD
20250530,IMG_0220,57,16,24.262,18.314,,DD
20250530,IMG_0220,57,17,23.948,13.919,,DD
20250530,IMG_0220,57,18,31.387,23.989,,DD
20250530,IMG_0220,57,19,21.299,16.131,,DD
20250530,IMG_0220,57,20,17.915,14.161,,DD
20250530,IMG_0220,57,21,17.098,12.455,,DD
20250530,IMG_0220,57,22,16.131,14.523,,DD
20250530,IMG_0220,57,23,20.17,22.74,,DD
20250530,IMG_0220,57,24,19.717,19.059,,DD
20250530,IMG_0220,57,25,23.313,21.478,,DD
20250530,IMG_0220,57,26,26.59,18.327,,DD
20250530,IMG_0220,57,27,23.805,15.14,,DD
20250530,IMG_0220,57,28,13.666,11.743,,DD
20250530,IMG_0220,57,29,17.718,13.994,,DD
20250530,IMG_0220,57,30,14.011,12.269,,DD
20250530,IMG_0220,57,31,15.187,9.037,,DD
20250530,IMG_0220,57,32,18.196,14.161,,DD
20250530,IMG_0220,57,33,17.864,11.361,,DD
20250530,IMG_0220,57,34,26.371,16.849,,DD
20250530,IMG_0220,57,35,25.657,18.802,,DD
20250530,IMG_0220,57,36,27.013,18.563,,DD
20250530,IMG_0220,57,37,13.889,15.628,,DD
20250530,IMG_0220,57,38,15.181,14.668,,DD
20250530,IMG_0220,57,39,18.84,21.536,,DD
20250530,IMG_0220,57,40,33.069,24.173,,DD
20250530,IMG_0220,57,41,31.33,17.091,,DD
20250530,IMG_0220,57,42,30.072,12.452,,DD
20250530,IMG_0220,57,43,18.802,8.79,,DD
20250530,IMG_0220,57,44,25.446,7.325,,DD
20250530,IMG_0220,57,45,24.538,26.194,,DD
20250530,IMG_0221.jpeg,59,1,10.837,9.338,9.009 pixels to mm,DD
20250530,IMG_0221.jpeg,59,2,15.318,10,Length taken from posterior to anterior at longest point,DD
20250530,IMG_0221.jpeg,59,3,12.35,6.863,Width taken horizontally at widest point,DD
20250530,IMG_0221.jpeg,59,4,16.506,11.733,,DD
20250530,IMG_0221.jpeg,59,5,11.425,8.888,,DD
20250530,IMG_0221.jpeg,59,6,27.61,16.298,,DD
20250530,IMG_0221.jpeg,59,7,24.999,14.776,,DD
20250530,IMG_0221.jpeg,59,8,24.673,14.225,,DD
20250530,IMG_0221.jpeg,59,9,27.556,14.51,,DD
20250530,IMG_0221.jpeg,59,10,28.054,15.888,,DD
20250530,IMG_0221.jpeg,59,11,28.247,18.776,,DD
20250530,IMG_0221.jpeg,59,12,25.021,17.921,,DD
20250530,IMG_0221.jpeg,59,13,23.136,15.453,,DD
20250530,IMG_0221.jpeg,59,14,19.294,19.685,,DD
20250530,IMG_0221.jpeg,59,15,27.981,20.812,,DD
20250530,IMG_0221.jpeg,59,16,22.221,13.778,,DD
20250530,IMG_0221.jpeg,59,17,24.224,16.516,,DD
20250530,IMG_0221.jpeg,59,18,25.393,13.576,,DD
20250530,IMG_0221.jpeg,59,19,30.449,16.889,,DD
20250530,IMG_0221.jpeg,59,20,14.062,11.999,,DD
20250530,IMG_0221.jpeg,59,21,19.94,14.223,,DD
20250530,IMG_0221.jpeg,59,22,14.062,19.435,,DD
20250530,IMG_0221.jpeg,59,23,15.912,14.669,,DD
20250530,IMG_0221.jpeg,59,24,25.913,18.998,,DD
20250530,IMG_0221.jpeg,59,25,21.466,15.013,,DD
20250530,IMG_0221.jpeg,59,26,13.67,17.332,,DD
20250530,IMG_0221.jpeg,59,27,11.324,13.702,,DD
20250530,IMG_0221.jpeg,59,28,16.83,20.331,,DD
20250530,IMG_0221.jpeg,59,29,22.496,8.875,,DD
20250530,IMG_0221.jpeg,59,30,11.69,9.427,,DD
20250530,IMG_0221.jpeg,59,31,10.739,15.998,,DD
20250530,IMG_0221.jpeg,59,32,38.755,14.239,,DD
20250530,IMG_0221.jpeg,59,33,23.87,8.999,,DD
20250530,IMG_0221.jpeg,59,34,24.736,10.295,,DD
20250530,IMG_0221.jpeg,59,35,25.549,18.075,,DD
20250530,IMG_0221.jpeg,59,36,24.048,14.521,,DD
20250530,IMG_0221.jpeg,59,37,34.886,8.333,,DD
20250530,IMG_0221.jpeg,59,38,13.424,17.949,,DD
20250530,IMG_0221.jpeg,59,39,16.257,7.031,,DD
20250530,IMG_0221.jpeg,59,40,8.643,15.754,,DD
20250530,IMG_0221.jpeg,59,41,24.902,10.686,,DD
20250530,IMG_0221.jpeg,59,42,10.684,27.363,,DD
20250530,IMG_0221.jpeg,59,43,22.23,15.364,,DD
20250530,IMG_0221.jpeg,59,44,31.128,17.332,,DD
20250530,IMG_0221.jpeg,58,1,10.014,5.676,,DD
20250530,IMG_0221.jpeg,58,2,13.008,8.666,,DD
20250530,IMG_0221.jpeg,58,3,17.676,14.394,,DD
20250530,IMG_0221.jpeg,58,4,14.626,12.529,,DD
20250530,IMG_0221.jpeg,58,5,12.297,10.918,,DD
20250530,IMG_0221.jpeg,58,6,10.933,10.332,,DD
20250530,IMG_0221.jpeg,58,7,24.201,16.454,,DD
20250530,IMG_0221.jpeg,58,8,32.691,28.36,,DD
20250530,IMG_0221.jpeg,58,9,25.668,15.697,,DD
20250530,IMG_0221.jpeg,58,10,18.414,12.373,,DD
20250530,IMG_0221.jpeg,58,11,10.213,8.392,,DD
20250530,IMG_0221.jpeg,58,12,8.703,8.055,,DD
20250530,IMG_0221.jpeg,58,13,13.841,13.604,,DD
20250530,IMG_0221.jpeg,58,14,18.739,14.239,,DD
20250530,IMG_0221.jpeg,58,15,24.388,6.999,,DD
20250530,IMG_0221.jpeg,58,16,10.788,13.016,,DD
20250530,IMG_0221.jpeg,58,17,9.596,9.893,,DD
20250530,IMG_0221.jpeg,58,18,18.451,10.733,,DD
20250530,IMG_0221.jpeg,58,19,11.111,8.749,,DD
20250530,IMG_0221.jpeg,58,20,13.167,8.999,,DD
20250530,IMG_0221.jpeg,58,21,11.218,7.086,,DD
20250530,IMG_0221.jpeg,58,22,14.669,18.96,,DD
20250530,IMG_0221.jpeg,58,23,11.529,9.338,,DD
20250530,IMG_0221.jpeg,58,24,28.688,12.999,,DD
20250530,IMG_0221.jpeg,58,25,12.475,15.335,,DD
20250530,IMG_0221.jpeg,58,26,28.768,14.336,,DD
20250530,IMG_0221.jpeg,58,27,16.748,19.69,,DD
20250530,IMG_0221.jpeg,58,28,28.132,14.332,,DD
20250530,IMG_0221.jpeg,58,29,22.49,17.335,,DD
20250530,IMG_0221.jpeg,58,30,25.177,15.679,,DD
20250530,IMG_0221.jpeg,58,31,22.687,16.002,,DD
20250530,IMG_0221.jpeg,58,32,32.869,11.352,,DD
20250530,IMG_0221.jpeg,58,33,25.438,16.998,,DD
20250530,IMG_0221.jpeg,58,34,22.331,15.013,,DD
20250530,IMG_0221.jpeg,58,35,24.007,23.341,,DD
20250530,IMG_0221.jpeg,58,36,22.716,17.665,,DD
20250530,IMG_0221.jpeg,58,37,31.544,11.999,,DD
20250530,IMG_0221.jpeg,58,38,22.401,10.332,,DD
20250530,IMG_0221.jpeg,58,39,17.715,11.004,,DD
20250530,IMG_0221.jpeg,58,40,15.548,9.005,,DD
20250530,IMG_0221.jpeg,58,41,20.001,11.642,,DD
20250530,IMG_0221.jpeg,58,42,12.292,14.669,,DD
20250530,IMG_0221.jpeg,58,43,14.76,22.341,,DD
20250530,IMG_0221.jpeg,58,44,20.745,13.682,,DD
20250530,IMG_0221.jpeg,58,45,28.495,13.794,,DD
20250530,IMG_0222.jpeg,52,1,13.717,13.717,9.4810 pixels:1mm,DD
20250530,IMG_0222.jpeg,52,2,11.212,7.39,Length taken from posterior to anterior at longest point,DD
20250530,IMG_0222.jpeg,52,3,20.704,7.808,Width taken horizontally at widest point,DD
20250530,IMG_0222.jpeg,52,4,10.473,14.239,,DD
20250530,IMG_0222.jpeg,52,5,13.632,6.539,,DD
20250530,IMG_0222.jpeg,52,6,21.529,11.181,,DD
20250530,IMG_0222.jpeg,52,7,11.323,14.243,,DD
20250530,IMG_0222.jpeg,52,8,16.648,8.233,,DD
20250530,IMG_0222.jpeg,52,9,18.622,9.603,,DD
20250530,IMG_0222.jpeg,52,10,24.194,11.72,,DD
20250530,IMG_0222.jpeg,52,11,20.788,15.405,,DD
20250530,IMG_0222.jpeg,52,12,18.982,12.563,,DD
20250530,IMG_0222.jpeg,52,13,9.924,13.923,,DD
20250530,IMG_0222.jpeg,52,14,12.3,8.128,,DD
20250530,IMG_0222.jpeg,52,15,13.821,10.759,,DD
20250530,IMG_0222.jpeg,52,16,15.45,10.97,,DD
20250530,IMG_0222.jpeg,52,17,18.02,13.511,,DD
20250530,IMG_0222.jpeg,52,18,18.946,11.603,,DD
20250530,IMG_0222.jpeg,53,1,15.963,11.399,,DD
20250530,IMG_0222.jpeg,53,2,24.075,15.194,,DD
20250530,IMG_0222.jpeg,53,3,16.752,14.351,,DD
20250530,IMG_0222.jpeg,53,4,11.307,9.495,,DD
20250530,IMG_0222.jpeg,53,5,18.329,11.391,,DD
20250530,IMG_0222.jpeg,53,6,25.796,19.436,,DD
20250530,IMG_0222.jpeg,53,7,16.888,12.87,,DD
20250530,IMG_0222.jpeg,53,8,24.9,13.713,,DD
20250530,IMG_0222.jpeg,53,9,18.237,15.612,,DD
20250530,IMG_0222.jpeg,53,10,12.623,9.493,,DD
20250530,IMG_0222.jpeg,53,11,22.755,13.079,,DD
20250530,IMG_0222.jpeg,53,12,19.501,12.026,,DD
20250530,IMG_0222.jpeg,53,13,16.686,14.569,,DD
20250530,IMG_0222.jpeg,53,14,18.143,11.821,,DD
20250530,IMG_0222.jpeg,53,15,10.473,10.969,,DD
20250530,IMG_0222.jpeg,53,16,20.479,13.081,,DD
20250530,IMG_0222.jpeg,53,17,26.891,17.318,,DD
20250530,IMG_0222.jpeg,53,18,21.703,14.345,,DD
20250530,IMG_0222.jpeg,55,1,10.128,8.23,,DD
20250530,IMG_0222.jpeg,55,2,19.623,14.351,,DD
20250530,IMG_0222.jpeg,55,3,11.042,9.303,,DD
20250530,IMG_0222.jpeg,55,4,15.147,9.502,,DD
20250530,IMG_0222.jpeg,55,5,13.828,10.414,,DD
20250530,IMG_0222.jpeg,55,6,12.475,11.212,,DD
20250530,IMG_0222.jpeg,55,7,16.022,9.935,,DD
20250530,IMG_0222.jpeg,55,8,22.054,16.881,,DD
20250530,IMG_0222.jpeg,55,9,13.29,8.86,,DD
20250530,IMG_0222.jpeg,55,10,7.2,6.75,,DD
20250530,IMG_0222.jpeg,55,11,19.647,12.868,,DD
20250530,IMG_0222.jpeg,55,12,18.74,13.291,,DD
20250530,IMG_0222.jpeg,55,13,19.043,11.422,,DD
20250530,IMG_0222.jpeg,55,14,20.99,14.562,,DD
20250530,IMG_0222.jpeg,55,15,14.768,8.862,,DD
20250530,IMG_0222.jpeg,55,16,25.581,14.569,,DD
20250530,IMG_0222.jpeg,55,17,15.61,6.328,,DD
20250530,IMG_0222.jpeg,55,18,15.789,10.969,,DD
20250530,IMG_0222.jpeg,54,1,24.071,15.401,,DD
20250530,IMG_0222.jpeg,54,2,14.58,10.969,,DD
20250530,IMG_0222.jpeg,54,3,14.774,10.988,,DD
20250530,IMG_0222.jpeg,54,4,12.911,11.393,,DD
20250530,IMG_0222.jpeg,54,5,10.859,11.18,,DD
20250530,IMG_0222.jpeg,54,6,16.578,10.969,,DD
20250530,IMG_0222.jpeg,54,7,19.391,10.969,,DD
20250530,IMG_0222.jpeg,54,8,19.6,14.397,,DD
20250530,IMG_0222.jpeg,54,9,14.21,10.371,,DD
20250530,IMG_0222.jpeg,54,10,12.659,11.813,,DD
20250530,IMG_0222.jpeg,54,11,19.153,11.602,,DD
20250530,IMG_0222.jpeg,54,12,20.151,12.657,,DD
20250530,IMG_0222.jpeg,54,13,24.857,13.963,,DD
20250530,IMG_0222.jpeg,54,14,13.581,8.862,,DD
20250530,IMG_0222.jpeg,54,15,12.833,8.448,,DD
20250530,IMG_0222.jpeg,54,16,25.612,13.216,,DD
20250530,IMG_0222.jpeg,54,17,29.788,18.985,,DD
20250530,IMG_0222.jpeg,54,18,34.463,19.336,,DD